# ДЕМО-расценки на работы. Это НЕ ФЕР и НЕ официальная база. Цены — ориентир рынка 2026 г., уровень «текущие цены» (индекс 1,0).
# Официальную ФСНБ-2022 (ФЕР) выгрузите из ФГИС ЦС и загрузите командой /import — коды и нормы заменятся на легитимные.
Шифр;Наименование;Ед.изм.;ОТ;ЭМ;ЗПМ;МАТ;ТЗ;Вид работ;Источник;Ключевые слова
ДЕМО-01.01;Демонтаж кирпичных перегородок;м3;3500;0;0;0;8.5;демонтаж;ДЕМО (не ФЕР);снос разборка перегородка кирпич
ДЕМО-01.02;Демонтаж штукатурки со стен;100 м2;25000;0;0;0;62;демонтаж;ДЕМО (не ФЕР);сбить снять штукатурка отбить
ДЕМО-01.03;Демонтаж цементной стяжки;100 м2;40000;6000;1800;0;95;демонтаж;ДЕМО (не ФЕР);снять срубить стяжка пол
ДЕМО-01.04;Демонтаж керамической плитки;100 м2;30000;0;0;0;75;демонтаж;ДЕМО (не ФЕР);снять сбить плитка кафель
ДЕМО-01.05;Погрузка и вывоз строительного мусора;т;700;1800;600;0;2;демонтаж;ДЕМО (не ФЕР);мусор вывоз контейнер уборка
ДЕМО-02.01;Кладка перегородок из газобетонных блоков;м3;4500;0;0;0;11;каменные;ДЕМО (не ФЕР);газоблок пеноблок перегородка кладка
ДЕМО-02.02;Кладка кирпичная в полкирпича;м2;1800;0;0;0;4.4;каменные;ДЕМО (не ФЕР);кирпич кладка стена
ДЕМО-02.03;Армирование кладки сеткой;100 м2;8000;0;0;0;20;каменные;ДЕМО (не ФЕР);сетка армирование кладка
ДЕМО-03.01;Штукатурка стен гипсовой смесью по маякам;100 м2;45000;2500;700;0;110;отделочные;ДЕМО (не ФЕР);оштукатурить выравнивание стен маяки ротбанд
ДЕМО-03.02;Штукатурка откосов;м;450;0;0;0;1.1;отделочные;ДЕМО (не ФЕР);откос окно дверь штукатурка
ДЕМО-03.03;Шпатлёвка стен под окраску в два слоя;100 м2;32000;0;0;0;80;отделочные;ДЕМО (не ФЕР);шпаклевка финишная стены под покраску
ДЕМО-03.04;Шпатлёвка потолков под окраску;100 м2;38000;0;0;0;95;отделочные;ДЕМО (не ФЕР);шпаклевка потолок
ДЕМО-03.05;Грунтование поверхностей;100 м2;6000;0;0;0;15;отделочные;ДЕМО (не ФЕР);грунтовка праймер
ДЕМО-03.06;Окраска стен водно-дисперсионной краской в два слоя;100 м2;25000;0;0;0;62;отделочные;ДЕМО (не ФЕР);покраска покрасить стены краска
ДЕМО-03.07;Окраска потолков в два слоя;100 м2;28000;0;0;0;70;отделочные;ДЕМО (не ФЕР);покраска потолок краска
ДЕМО-03.08;Оклейка стен обоями;100 м2;35000;0;0;0;88;отделочные;ДЕМО (не ФЕР);обои поклейка оклеить
ДЕМО-03.09;Монтаж перегородки из ГКЛ на металлокаркасе в один слой;100 м2;70000;0;0;0;170;отделочные;ДЕМО (не ФЕР);гипсокартон гкл перегородка каркас
ДЕМО-03.10;Монтаж подвесного потолка из ГКЛ;100 м2;85000;0;0;0;210;отделочные;ДЕМО (не ФЕР);гипсокартон потолок подвесной
ДЕМО-03.11;Монтаж натяжного потолка;100 м2;45000;0;0;0;60;отделочные;ДЕМО (не ФЕР);натяжной потолок пленка
ДЕМО-04.01;Устройство полусухой стяжки толщиной 50 мм;100 м2;70000;9000;2700;0;140;полы;ДЕМО (не ФЕР);стяжка пол полусухая выравнивание
ДЕМО-04.02;Устройство наливного самовыравнивающегося пола;100 м2;35000;0;0;0;85;полы;ДЕМО (не ФЕР);наливной пол ровнитель
ДЕМО-04.03;Укладка керамической плитки на пол;100 м2;140000;0;0;0;330;полы;ДЕМО (не ФЕР);плитка керамогранит пол укладка
ДЕМО-04.04;Укладка керамической плитки на стены;100 м2;150000;0;0;0;360;отделочные;ДЕМО (не ФЕР);плитка кафель стены санузел укладка
ДЕМО-04.05;Затирка швов плитки;100 м2;15000;0;0;0;38;отделочные;ДЕМО (не ФЕР);затирка швы фуга
ДЕМО-04.06;Укладка ламината с подложкой;100 м2;45000;0;0;0;100;полы;ДЕМО (не ФЕР);ламинат пол подложка
ДЕМО-04.07;Укладка кварцвиниловой плитки на клей;100 м2;70000;0;0;0;160;полы;ДЕМО (не ФЕР);кварцвинил spc lvt пол
ДЕМО-04.08;Монтаж плинтуса;м;350;0;0;0;0.8;отделочные;ДЕМО (не ФЕР);плинтус мдф установка
ДЕМО-05.01;Установка межкомнатной двери с добором и наличником;шт;6500;0;0;0;14;отделочные;ДЕМО (не ФЕР);дверь установка межкомнатная коробка
ДЕМО-05.02;Монтаж электромонтажной точки (подрозетник, кабель, подключение);точка;1200;0;0;0;2.6;электромонтажные;ДЕМО (не ФЕР);розетка выключатель точка электрика подрозетник
ДЕМО-05.03;Прокладка кабеля в гофре;м;150;0;0;0;0.35;электромонтажные;ДЕМО (не ФЕР);кабель провод гофра штроба проводка
ДЕМО-05.04;Сборка и монтаж электрощита на 12 модулей;шт;9000;0;0;0;20;электромонтажные;ДЕМО (не ФЕР);щит автоматы сборка электрощит
ДЕМО-05.05;Установка точечного светильника;шт;700;0;0;0;1.5;электромонтажные;ДЕМО (не ФЕР);светильник люстра установка свет
ДЕМО-06.01;Монтаж точки водоснабжения из полипропилена;точка;3500;0;0;0;8;сантехнические;ДЕМО (не ФЕР);вода труба ppr полипропилен точка сантехника
ДЕМО-06.02;Монтаж точки канализации;точка;2500;0;0;0;6;сантехнические;ДЕМО (не ФЕР);канализация слив труба точка
ДЕМО-06.03;Установка унитаза;шт;4000;0;0;0;9;сантехнические;ДЕМО (не ФЕР);унитаз установка сантехника
ДЕМО-06.04;Установка смесителя;шт;1800;0;0;0;4;сантехнические;ДЕМО (не ФЕР);смеситель кран установка
ДЕМО-06.05;Установка радиатора отопления;шт;5500;0;0;0;12;сантехнические;ДЕМО (не ФЕР);радиатор батарея отопление установка
ДЕМО-06.06;Монтаж электрического теплого пола;м2;900;0;0;0;2;сантехнические;ДЕМО (не ФЕР);теплый пол кабель мат
ДЕМО-07.01;Гидроизоляция обмазочная в два слоя;100 м2;30000;0;0;0;72;отделочные;ДЕМО (не ФЕР);гидроизоляция обмазочная санузел
ДЕМО-07.02;Утепление фасада минеральной ватой с штукатурным слоем;100 м2;180000;12000;3600;0;430;отделочные;ДЕМО (не ФЕР);фасад утепление минвата мокрый штукатурка
ДЕМО-08.01;Устройство обрешётки скатной кровли;100 м2;35000;0;0;0;85;кровельные;ДЕМО (не ФЕР);обрешетка кровля стропила
ДЕМО-08.02;Монтаж металлочерепицы;100 м2;65000;4000;1200;0;150;кровельные;ДЕМО (не ФЕР);кровля металлочерепица монтаж крыша
ДЕМО-08.03;Устройство мягкой кровли из наплавляемых материалов в два слоя;100 м2;55000;6000;1800;0;130;кровельные;ДЕМО (не ФЕР);рулонная кровля наплавляемая битум
ДЕМО-09.01;Устройство монолитной железобетонной плиты (без материалов);м3;5000;2000;700;0;12;бетонные;ДЕМО (не ФЕР);бетон монолит плита заливка
ДЕМО-09.02;Монтаж арматурного каркаса;т;25000;3000;900;0;60;бетонные;ДЕМО (не ФЕР);арматура каркас вязка армирование
ДЕМО-09.03;Устройство опалубки стен;100 м2;60000;5000;1500;0;145;бетонные;ДЕМО (не ФЕР);опалубка щиты монолит
ДЕМО-10.01;Разработка грунта экскаватором;100 м3;3000;25000;7500;0;7;земляные;ДЕМО (не ФЕР);котлован земля экскаватор выемка грунт
ДЕМО-10.02;Планировка площадки бульдозером;1000 м2;1500;18000;5400;0;4;земляные;ДЕМО (не ФЕР);планировка участок бульдозер грунт
ДЕМО-10.03;Обратная засыпка с уплотнением;100 м3;6000;12000;3600;0;15;земляные;ДЕМО (не ФЕР);засыпка уплотнение грунт виброплита
