# ДЕМО-нормативы накладных расходов (НР) и сметной прибыли (СП), % от (ОТ + ЗПМ).
# ОБЯЗАТЕЛЬНО замените на нормативы приказа Минстроя России № 812/пр для вашего вида работ и объекта.
work_type;nr;sp;title
отделочные;105;55;Отделочные работы (демо)
каменные;122;80;Каменные работы (демо)
бетонные;105;65;Бетонные и монолитные работы (демо)
земляные;95;50;Земляные работы (демо)
кровельные;108;65;Кровельные работы (демо)
полы;110;60;Устройство полов (демо)
электромонтажные;95;60;Электромонтажные работы (демо)
сантехнические;100;60;Внутренние сантехнические работы (демо)
демонтаж;80;40;Демонтажные работы (демо)
прочие;95;50;Прочие работы (демо)
